{"main":"american-flight-api.raml","name":"American Flight API","classifier":"raml","tags":[],"dependencies":[{"groupId":"68ef9520-24e9-4cf2-b2f5-620025690913","assetId":"training-american-flight-data-type","version":"1.0.1"},{"groupId":"68ef9520-24e9-4cf2-b2f5-620025690913","assetId":"training-american-flights-example","version":"1.0.1"}],"groupId":"fd45b7d5-6432-4462-928b-f36139a6c6ee","assetId":"american-flight-api","version":"1.0.1","apiVersion":"v1","originalFormatVersion":"1.0","metadata":{"projectId":"c16a455e-a0de-4f70-a694-06407d7a4ae7","branchId":"master","commitId":"862d35e3dd5c219b2835a0e021a930da925e1ad8"}}