<?xml version="1.0" encoding="UTF-8"?>

<mule xmlns:ee="http://www.mulesoft.org/schema/mule/ee/core" xmlns:db="http://www.mulesoft.org/schema/mule/db"
	xmlns:http="http://www.mulesoft.org/schema/mule/http"
	xmlns="http://www.mulesoft.org/schema/mule/core" xmlns:doc="http://www.mulesoft.org/schema/mule/documentation" xmlns:xsi="http://www.w3.org/2001/XMLSchema-instance" xsi:schemaLocation="http://www.mulesoft.org/schema/mule/core http://www.mulesoft.org/schema/mule/core/current/mule.xsd
http://www.mulesoft.org/schema/mule/http http://www.mulesoft.org/schema/mule/http/current/mule-http.xsd
http://www.mulesoft.org/schema/mule/db http://www.mulesoft.org/schema/mule/db/current/mule-db.xsd
http://www.mulesoft.org/schema/mule/ee/core http://www.mulesoft.org/schema/mule/ee/core/current/mule-ee.xsd">
	<http:listener-config name="HTTP_Listener_config" doc:name="HTTP Listener config" doc:id="b2ff1feb-36eb-4a80-b9f3-7ddfc56ab992" >
		<http:listener-connection host="0.0.0.0" port="8081" />
	</http:listener-config>
	<db:config name="Database_Config" doc:name="Database Config" doc:id="d512282f-c6b2-44f0-825c-ba8da2dd5559" >
		<db:my-sql-connection host="mudb.learn.mulesoft.com" port="3306" user="mule" password="mule" database="training" />
	</db:config>
	<flow name="getFlights" doc:id="efb19acb-fa8c-4500-aa02-f1dcf7c4901c" >
		<db:select doc:name="Select" doc:id="afd4c9f5-614a-47df-91a2-521c30a8a17d" config-ref="Database_Config">
			<db:sql ><![CDATA[select * from american]]></db:sql>
		</db:select>
		<ee:transform doc:name="JAVA to JSON" doc:id="e07d99e5-0320-49ff-ad40-83c23787c440" >
			<ee:message >
				<ee:set-payload ><![CDATA[%dw 2.0
output application/json
---
payload map ( payload01 , indexOfPayload01 ) -> {
	ID: payload01.ID,
	code: (payload01.code1 default "") ++ (payload01.code2 default ""),
	price: payload01.price default 0,
	departureDate: payload01.takeOffDate as String default "",
	origin: payload01.fromAirport default "",
	destination: payload01.toAirport default "",
	emptySeats: payload01.seatsAvailable default 0,
	plane: {
		"type": payload01.planeType default "",
		totalSeats: payload01.totalSeats default 0
	}
}]]></ee:set-payload>
			</ee:message>
		</ee:transform>
	</flow>
	<flow name="getFlightsByID" doc:id="e415d9e9-2d6b-40e4-893a-7cd69e8b35dd" >
		<db:select doc:name="Select" doc:id="7ecdd0b0-a289-4869-bcd6-eaded71d3237" config-ref="Database_Config" >
			<db:sql ><![CDATA[SELECT * FROM american WHERE ID = :id]]></db:sql>
			<db:input-parameters ><![CDATA[#[{id: attributes.uriParams.ID}]]]></db:input-parameters>
		</db:select>
		<ee:transform doc:name="JAVA to JSON" doc:id="85dd3efe-b812-4ea7-816f-237535e9fc03" >
			<ee:message >
				<ee:set-payload ><![CDATA[%dw 2.0
output application/json
---
payload map ( payload01 , indexOfPayload01 ) -> {
	ID: payload01.ID,
	code: (payload01.code1 default "") ++ (payload01.code2 default ""),
	price: payload01.price default 0,
	departureDate: payload01.takeOffDate as String default "",
	origin: payload01.fromAirport default "",
	destination: payload01.toAirport default "",
	emptySeats: payload01.seatsAvailable default 0,
	plane: {
		"type": payload01.planeType default "",
		totalSeats: payload01.totalSeats default 0
	}
}]]></ee:set-payload>
			</ee:message>
		</ee:transform>
	</flow>
	<flow name="postFlights" doc:id="9d65a335-5889-400c-b97a-e3a72c0a7f94" >
		<set-payload value="Flight added not really!" doc:name="Set Payload" doc:id="fbb9d749-c7af-481c-888b-5de01fea4923" />
	</flow>
</mule>
