<?xml version="1.0" encoding="UTF-8"?>

<mule xmlns:ee="http://www.mulesoft.org/schema/mule/ee/core" xmlns:salesforce="http://www.mulesoft.org/schema/mule/salesforce"
	xmlns:http="http://www.mulesoft.org/schema/mule/http"
	xmlns="http://www.mulesoft.org/schema/mule/core" xmlns:doc="http://www.mulesoft.org/schema/mule/documentation" xmlns:xsi="http://www.w3.org/2001/XMLSchema-instance" xsi:schemaLocation="http://www.mulesoft.org/schema/mule/core http://www.mulesoft.org/schema/mule/core/current/mule.xsd
http://www.mulesoft.org/schema/mule/http http://www.mulesoft.org/schema/mule/http/current/mule-http.xsd
http://www.mulesoft.org/schema/mule/salesforce http://www.mulesoft.org/schema/mule/salesforce/current/mule-salesforce.xsd
http://www.mulesoft.org/schema/mule/ee/core http://www.mulesoft.org/schema/mule/ee/core/current/mule-ee.xsd">
	<flow name="accountsFlow" doc:id="bd29682a-a564-48af-854b-095493d868e9" >
		<http:listener doc:name="GET /sfdc" doc:id="259acbb7-b474-4bc7-8ae7-c4c836da08d4" config-ref="HTTP_Listener_config" path="/sfdc" allowedMethods="GET "/>
		<salesforce:query doc:name="Query" doc:id="e60d86d9-7954-4e05-92b4-6bc5748f84b1" config-ref="Salesforce_Config">
			<salesforce:salesforce-query ><![CDATA[SELECT Name, LastModifiedDate, BillingPostalCode
FROM Account]]></salesforce:salesforce-query>
		</salesforce:query>
		<ee:transform doc:name="JAVA to JSON" doc:id="794bd23d-4db8-44b0-90b4-6fe511ffef9c" >
			<ee:message >
				<ee:set-payload ><![CDATA[%dw 2.0
output application/json
---
payload]]></ee:set-payload>
			</ee:message>
		</ee:transform>
		<logger level="INFO" doc:name="Logger" doc:id="dd0fa538-de4b-4afb-b26b-21ce559ef63b" />
	</flow>
</mule>
