<?xml version="1.0" encoding="UTF-8"?>

<mule xmlns:salesforce="http://www.mulesoft.org/schema/mule/salesforce"
	xmlns:http="http://www.mulesoft.org/schema/mule/http"
	xmlns:vm="http://www.mulesoft.org/schema/mule/vm" xmlns="http://www.mulesoft.org/schema/mule/core"
	xmlns:doc="http://www.mulesoft.org/schema/mule/documentation"
	xmlns:xsi="http://www.w3.org/2001/XMLSchema-instance" xsi:schemaLocation="
http://www.mulesoft.org/schema/mule/http http://www.mulesoft.org/schema/mule/http/current/mule-http.xsd 
http://www.mulesoft.org/schema/mule/vm http://www.mulesoft.org/schema/mule/vm/current/mule-vm.xsd http://www.mulesoft.org/schema/mule/core http://www.mulesoft.org/schema/mule/core/current/mule.xsd
http://www.mulesoft.org/schema/mule/salesforce http://www.mulesoft.org/schema/mule/salesforce/current/mule-salesforce.xsd">

	<http:listener-config name="HTTP_Listener_config" doc:name="HTTP Listener config" doc:id="93cbbd5d-5122-4258-b6ba-dd71a807457d" >
		<http:listener-connection host="0.0.0.0" port="${http.port}" />
	</http:listener-config>
	<http:request-config name="HTTP_Request_configuration" doc:name="HTTP Request configuration" doc:id="5a8f813c-9e4d-4980-ad16-c6e4202c3380" >
		<http:request-connection host="localhost" port="8081" />
	</http:request-config>
	<vm:config name="VM_Config" doc:name="VM Config" doc:id="c8daeb59-ac18-41a5-99dc-445d97a2cecc" >
		<vm:queues >
			<vm:queue queueName="goodbyeQ" />
		</vm:queues>
	</vm:config>
	<configuration-properties doc:name="Configuration properties" doc:id="5b0c0c29-0bac-4631-93a2-0fba7b6636be" file="config.yaml" />
	<salesforce:sfdc-config name="Salesforce_Config" doc:name="Salesforce Config" doc:id="854a5a16-31dc-4e0f-b335-7433a013d8fd" >
		<salesforce:basic-connection username="${sfdc.username}" password="${sfdc.password}" securityToken="${sfdc.token}" />
	</salesforce:sfdc-config>
	


</mule>
