<?xml version='1.0' encoding='UTF-8'?>
<types:mule xmlns:types="http://www.mulesoft.org/schema/mule/types">
  <types:catalog>
    <types:type name="american_flights_json" format="json">
      <types:shape format="weave" example="examples/american-flights-example.json"><![CDATA[%dw 2.0

type american_flights_json = Array<{|  ID: Number {"typeId": "int"},   code: String,   price: Number {"typeId": "double"},   departureDate: String,   origin: String,   destination: String,   emptySeats: Number {"typeId": "int"},   plane: {|    "type": String,     totalSeats: Number {"typeId": "int"}  |}|}> {"example": "[{\\\"ID\\\":1,\\\"code\\\":\\\"ER38sd\\\",\\\"price\\\":400.00,\\\"departureDate\\\":\\\"2016\\/03\\/20\\\",\\\"origin\\\":\\\"MUA\\\",\\\"destination\\\":\\\"SFO\\\",\\\"emptySeats\\\":0,\\\"plane\\\":{\\\"type\\\":\\\"Boeing 737\\\",\\\"totalSeats\\\":150}},{\\\"ID\\\":2,\\\"code\\\":\\\"ER45if\\\",\\\"price\\\":345.99,\\\"departureDate\\\":\\\"2016\\/02\\/11\\\",\\\"origin\\\":\\\"MUA\\\",\\\"destination\\\":\\\"LAX\\\",\\\"emptySeats\\\":52,\\\"plane\\\":{\\\"type\\\":\\\"Boeing 777\\\",\\\"totalSeats\\\":300}}]"}

]]></types:shape>
    </types:type>
    <types:type name="auto_e415d9e9-2d6b-40e4-893a-7cd69e8b35dd_Input-Payload" format="java">
      <types:shape format="weave" example="weave/autogenerated/e415d9e9-2d6b-40e4-893a-7cd69e8b35dd/Input-Payload.wev" autogeneratedOrigin="492198e0-763d-44e9-9085-8f234edbc7d6"><![CDATA[%dw 2.0

type auto_e415d9e9_2d6b_40e4_893a_7cd69e8b35dd_Input_Payload = Any

]]></types:shape>
    </types:type>
    <types:type name="auto_e415d9e9-2d6b-40e4-893a-7cd69e8b35dd_Input-Attributes" format="java">
      <types:shape format="weave" example="weave/autogenerated/e415d9e9-2d6b-40e4-893a-7cd69e8b35dd/Input-Attributes.wev" autogeneratedOrigin="492198e0-763d-44e9-9085-8f234edbc7d6"><![CDATA[%dw 2.0

type auto_e415d9e9_2d6b_40e4_893a_7cd69e8b35dd_Input_Attributes = {|
  clientCertificate?: {|
    publicKey?: {|  |}, 
    "type"?: String, 
    encoded?: Binary
  |}, 
  headers: {|  |}, 
  listenerPath: String, 
  method: String, 
  queryParams: {|  |}, 
  queryString: String, 
  relativePath: String, 
  remoteAddress: String, 
  requestPath: String, 
  requestUri: String, 
  scheme: String, 
  uriParams: {| ID: String |}, 
  version: String, 
  localAddress: String
|}

]]></types:shape>
    </types:type>
    <types:type name="auto_e415d9e9-2d6b-40e4-893a-7cd69e8b35dd_Input-Variables-outboundHeaders" format="java">
      <types:shape format="weave" example="weave/autogenerated/e415d9e9-2d6b-40e4-893a-7cd69e8b35dd/Input-Variables-outboundHeaders.wev" autogeneratedOrigin="492198e0-763d-44e9-9085-8f234edbc7d6"><![CDATA[%dw 2.0

type auto_e415d9e9_2d6b_40e4_893a_7cd69e8b35dd_Input_Variables_outboundHeaders = {|  |}

]]></types:shape>
    </types:type>
    <types:type name="auto_e415d9e9-2d6b-40e4-893a-7cd69e8b35dd_Input-Variables-httpStatus" format="java">
      <types:shape format="raml" autogeneratedOrigin="492198e0-763d-44e9-9085-8f234edbc7d6"><![CDATA[#%RAML 1.0 DataType
type: string]]></types:shape>
    </types:type>
    <types:type name="auto_e415d9e9-2d6b-40e4-893a-7cd69e8b35dd_Output-Payload" format="json">
      <types:shape format="weave" autogeneratedOrigin="492198e0-763d-44e9-9085-8f234edbc7d6"><![CDATA[%dw 2.0

type auto_e415d9e9_2d6b_40e4_893a_7cd69e8b35dd_Output_Payload = {| Message?: String |} {"example": "{\\\"Message\\\":\\\"Flight deleted but not really!!!\\\"}"}

]]></types:shape>
    </types:type>
    <types:type name="auto_e415d9e9-2d6b-40e4-893a-7cd69e8b35dd_Output-Attributes" format="java">
      <types:shape format="weave" example="weave/autogenerated/e415d9e9-2d6b-40e4-893a-7cd69e8b35dd/Output-Attributes.wev" autogeneratedOrigin="492198e0-763d-44e9-9085-8f234edbc7d6"><![CDATA[%dw 2.0

type auto_e415d9e9_2d6b_40e4_893a_7cd69e8b35dd_Output_Attributes = Null

]]></types:shape>
    </types:type>
    <types:type name="auto_e415d9e9-2d6b-40e4-893a-7cd69e8b35dd_Output-Variables-outboundHeaders" format="java">
      <types:shape format="weave" example="weave/autogenerated/e415d9e9-2d6b-40e4-893a-7cd69e8b35dd/Output-Variables-outboundHeaders.wev" autogeneratedOrigin="492198e0-763d-44e9-9085-8f234edbc7d6"><![CDATA[%dw 2.0

type auto_e415d9e9_2d6b_40e4_893a_7cd69e8b35dd_Output_Variables_outboundHeaders = {|  |}

]]></types:shape>
    </types:type>
    <types:type name="auto_e415d9e9-2d6b-40e4-893a-7cd69e8b35dd_Output-Variables-httpStatus" format="java">
      <types:shape format="raml" autogeneratedOrigin="492198e0-763d-44e9-9085-8f234edbc7d6"><![CDATA[#%RAML 1.0 DataType
type: string]]></types:shape>
    </types:type>
    <types:type name="auto_9d65a335-5889-400c-b97a-e3a72c0a7f94_Input-Payload" format="json">
      <types:shape format="weave" example="weave/autogenerated/9d65a335-5889-400c-b97a-e3a72c0a7f94/Input-Payload.wev" autogeneratedOrigin="e1ba55ce-9866-4ed1-813c-d787968e8191"><![CDATA[%dw 2.0

type auto_9d65a335_5889_400c_b97a_e3a72c0a7f94_Input_Payload = {
  plane?: {
    "type": String, 
    totalSeats: Number, 
    _?: Any
  }, 
  code: String, 
  price: Number, 
  origin: String, 
  destination: String, 
  ID?: Number, 
  departureDate: String, 
  emptySeats: Number, 
  _?: Any
}

]]></types:shape>
    </types:type>
    <types:type name="auto_9d65a335-5889-400c-b97a-e3a72c0a7f94_Input-Attributes" format="java">
      <types:shape format="weave" example="weave/autogenerated/9d65a335-5889-400c-b97a-e3a72c0a7f94/Input-Attributes.wev" autogeneratedOrigin="e1ba55ce-9866-4ed1-813c-d787968e8191"><![CDATA[%dw 2.0

type auto_9d65a335_5889_400c_b97a_e3a72c0a7f94_Input_Attributes = {|
  clientCertificate?: {|
    publicKey?: {|  |}, 
    "type"?: String, 
    encoded?: Binary
  |}, 
  headers: {|  |}, 
  listenerPath: String, 
  method: String, 
  queryParams: {|  |}, 
  queryString: String, 
  relativePath: String, 
  remoteAddress: String, 
  requestPath: String, 
  requestUri: String, 
  scheme: String, 
  uriParams: {|  |}, 
  version: String, 
  localAddress: String
|}

]]></types:shape>
    </types:type>
    <types:type name="auto_9d65a335-5889-400c-b97a-e3a72c0a7f94_Input-Variables-outboundHeaders" format="java">
      <types:shape format="weave" example="weave/autogenerated/9d65a335-5889-400c-b97a-e3a72c0a7f94/Input-Variables-outboundHeaders.wev" autogeneratedOrigin="e1ba55ce-9866-4ed1-813c-d787968e8191"><![CDATA[%dw 2.0

type auto_9d65a335_5889_400c_b97a_e3a72c0a7f94_Input_Variables_outboundHeaders = {|  |}

]]></types:shape>
    </types:type>
    <types:type name="auto_9d65a335-5889-400c-b97a-e3a72c0a7f94_Input-Variables-httpStatus" format="java">
      <types:shape format="raml" autogeneratedOrigin="e1ba55ce-9866-4ed1-813c-d787968e8191"><![CDATA[#%RAML 1.0 DataType
type: string]]></types:shape>
    </types:type>
    <types:type name="auto_9d65a335-5889-400c-b97a-e3a72c0a7f94_Output-Payload" format="json">
      <types:shape format="weave" autogeneratedOrigin="e1ba55ce-9866-4ed1-813c-d787968e8191"><![CDATA[%dw 2.0

type auto_9d65a335_5889_400c_b97a_e3a72c0a7f94_Output_Payload = {| Message?: String |} {"example": "{\\\"Message\\\":\\\"Flight added but not really!!!\\\"}"}

]]></types:shape>
    </types:type>
    <types:type name="auto_9d65a335-5889-400c-b97a-e3a72c0a7f94_Output-Attributes" format="java">
      <types:shape format="weave" example="weave/autogenerated/9d65a335-5889-400c-b97a-e3a72c0a7f94/Output-Attributes.wev" autogeneratedOrigin="e1ba55ce-9866-4ed1-813c-d787968e8191"><![CDATA[%dw 2.0

type auto_9d65a335_5889_400c_b97a_e3a72c0a7f94_Output_Attributes = {|
  listenerPath: String, 
  rawRequestPath: String, 
  relativePath: String, 
  maskedRequestPath: String, 
  version: String, 
  scheme: String, 
  method: String, 
  requestUri: String, 
  rawRequestUri: String, 
  queryString: String, 
  localAddress: String, 
  remoteAddress: String, 
  clientCertificate?: java_security_cert_Certificate, 
  queryParams: { _?: String }, 
  uriParams: { _?: String }, 
  requestPath: String, 
  headers: { _?: String }
|} {"typeAlias": "HttpRequestAttributes",
"typeId": "org.mule.extension.http.api.HttpRequestAttributes"}
type java_security_cert_Certificate = {|
  encoded?: Binary, 
  publicKey?: java_security_PublicKey, 
  "type"?: String
|} {"typeAlias": "Certificate",
"typeId": "java.security.cert.Certificate"}
type java_security_PublicKey = {|  |} {"typeAlias": "PublicKey",
"typeId": "java.security.PublicKey"}





]]></types:shape>
    </types:type>
    <types:type name="auto_9d65a335-5889-400c-b97a-e3a72c0a7f94_Output-Variables-outboundHeaders" format="java">
      <types:shape format="weave" example="weave/autogenerated/9d65a335-5889-400c-b97a-e3a72c0a7f94/Output-Variables-outboundHeaders.wev" autogeneratedOrigin="e1ba55ce-9866-4ed1-813c-d787968e8191"><![CDATA[%dw 2.0

type auto_9d65a335_5889_400c_b97a_e3a72c0a7f94_Output_Variables_outboundHeaders = {|  |}

]]></types:shape>
    </types:type>
    <types:type name="auto_9d65a335-5889-400c-b97a-e3a72c0a7f94_Output-Variables-httpStatus" format="java">
      <types:shape format="raml" autogeneratedOrigin="e1ba55ce-9866-4ed1-813c-d787968e8191"><![CDATA[#%RAML 1.0 DataType
type: string]]></types:shape>
    </types:type>
  </types:catalog>
  <types:enrichment select="#efb19acb-fa8c-4500-aa02-f1dcf7c4901c">
    <types:processor-declaration>
      <types:output-event>
        <types:message>
          <types:payload type="american_flights_json"/>
        </types:message>
      </types:output-event>
    </types:processor-declaration>
  </types:enrichment>
  <types:enrichment select="#e415d9e9-2d6b-40e4-893a-7cd69e8b35dd">
    <types:processor-declaration>
      <types:input-event>
        <types:message>
          <types:payload type="auto_e415d9e9-2d6b-40e4-893a-7cd69e8b35dd_Input-Payload"/>
          <types:attributes type="auto_e415d9e9-2d6b-40e4-893a-7cd69e8b35dd_Input-Attributes"/>
        </types:message>
        <types:variables>
          <types:variable name="outboundHeaders" type="auto_e415d9e9-2d6b-40e4-893a-7cd69e8b35dd_Input-Variables-outboundHeaders"/>
          <types:variable name="httpStatus" type="auto_e415d9e9-2d6b-40e4-893a-7cd69e8b35dd_Input-Variables-httpStatus"/>
        </types:variables>
      </types:input-event>
      <types:output-event>
        <types:message>
          <types:payload type="auto_e415d9e9-2d6b-40e4-893a-7cd69e8b35dd_Output-Payload"/>
          <types:attributes type="auto_e415d9e9-2d6b-40e4-893a-7cd69e8b35dd_Output-Attributes"/>
        </types:message>
        <types:variables>
          <types:variable name="outboundHeaders" type="auto_e415d9e9-2d6b-40e4-893a-7cd69e8b35dd_Output-Variables-outboundHeaders"/>
          <types:variable name="httpStatus" type="auto_e415d9e9-2d6b-40e4-893a-7cd69e8b35dd_Output-Variables-httpStatus"/>
        </types:variables>
      </types:output-event>
    </types:processor-declaration>
  </types:enrichment>
  <types:enrichment select="#9d65a335-5889-400c-b97a-e3a72c0a7f94">
    <types:processor-declaration>
      <types:input-event>
        <types:message>
          <types:payload type="auto_9d65a335-5889-400c-b97a-e3a72c0a7f94_Input-Payload"/>
          <types:attributes type="auto_9d65a335-5889-400c-b97a-e3a72c0a7f94_Input-Attributes"/>
        </types:message>
        <types:variables>
          <types:variable name="outboundHeaders" type="auto_9d65a335-5889-400c-b97a-e3a72c0a7f94_Input-Variables-outboundHeaders"/>
          <types:variable name="httpStatus" type="auto_9d65a335-5889-400c-b97a-e3a72c0a7f94_Input-Variables-httpStatus"/>
        </types:variables>
      </types:input-event>
      <types:output-event>
        <types:message>
          <types:payload type="auto_9d65a335-5889-400c-b97a-e3a72c0a7f94_Output-Payload"/>
          <types:attributes type="auto_9d65a335-5889-400c-b97a-e3a72c0a7f94_Output-Attributes"/>
        </types:message>
        <types:variables>
          <types:variable name="outboundHeaders" type="auto_9d65a335-5889-400c-b97a-e3a72c0a7f94_Output-Variables-outboundHeaders"/>
          <types:variable name="httpStatus" type="auto_9d65a335-5889-400c-b97a-e3a72c0a7f94_Output-Variables-httpStatus"/>
        </types:variables>
      </types:output-event>
    </types:processor-declaration>
  </types:enrichment>
</types:mule>