<?xml version='1.0' encoding='UTF-8'?>
<types:mule xmlns:types="http://www.mulesoft.org/schema/mule/types">
  <types:catalog>
    <types:type name="auto_ba07a187-8ae1-410f-8b2b-eb3bafb191d3_Input-Payload" format="java">
      <types:shape format="raml" autogeneratedOrigin="7e3a70e8-5ee0-4547-9786-ebed5b05146d"><![CDATA[#%RAML 1.0 DataType
type: string]]></types:shape>
    </types:type>
    <types:type name="auto_ba07a187-8ae1-410f-8b2b-eb3bafb191d3_Output-Payload" format="java">
      <types:shape format="weave" example="weave/autogenerated/ba07a187-8ae1-410f-8b2b-eb3bafb191d3/Output-Payload.wev" autogeneratedOrigin="7e3a70e8-5ee0-4547-9786-ebed5b05146d"><![CDATA[%dw 2.0

type auto_ba07a187_8ae1_410f_8b2b_eb3bafb191d3_Output_Payload = {|  |} {"typeAlias": "Object",
"class": "java.lang.Object",
"typeId": "java.lang.Object"}

]]></types:shape>
    </types:type>
    <types:type name="auto_ba07a187-8ae1-410f-8b2b-eb3bafb191d3_Output-Attributes" format="java">
      <types:shape format="weave" example="weave/autogenerated/ba07a187-8ae1-410f-8b2b-eb3bafb191d3/Output-Attributes.wev" autogeneratedOrigin="7e3a70e8-5ee0-4547-9786-ebed5b05146d"><![CDATA[%dw 2.0

type auto_ba07a187_8ae1_410f_8b2b_eb3bafb191d3_Output_Attributes = {|
  listenerPath: String, 
  rawRequestPath: String, 
  relativePath: String, 
  maskedRequestPath: String, 
  version: String, 
  scheme: String, 
  method: String, 
  requestUri: String, 
  rawRequestUri: String, 
  queryString: String, 
  localAddress: String, 
  remoteAddress: String, 
  clientCertificate?: java_security_cert_Certificate, 
  queryParams: { _?: String }, 
  uriParams: { _?: String }, 
  requestPath: String, 
  headers: { _?: String }
|} {"typeAlias": "HttpRequestAttributes",
"typeId": "org.mule.extension.http.api.HttpRequestAttributes"}
type java_security_cert_Certificate = {|
  encoded?: Binary, 
  publicKey?: java_security_PublicKey, 
  "type"?: String
|} {"typeAlias": "Certificate",
"typeId": "java.security.cert.Certificate"}
type java_security_PublicKey = {|  |} {"typeAlias": "PublicKey",
"typeId": "java.security.PublicKey"}





]]></types:shape>
    </types:type>
    <types:type name="auto_ba07a187-8ae1-410f-8b2b-eb3bafb191d3_Input-Attributes" format="java">
      <types:shape format="weave" example="weave/autogenerated/ba07a187-8ae1-410f-8b2b-eb3bafb191d3/Input-Attributes.wev" autogeneratedOrigin="7e3a70e8-5ee0-4547-9786-ebed5b05146d"><![CDATA[%dw 2.0

type auto_ba07a187_8ae1_410f_8b2b_eb3bafb191d3_Input_Attributes = {|
  listenerPath: String, 
  rawRequestPath: String, 
  relativePath: String, 
  maskedRequestPath: String, 
  version: String, 
  scheme: String, 
  method: String, 
  requestUri: String, 
  rawRequestUri: String, 
  queryString: String, 
  localAddress: String, 
  remoteAddress: String, 
  clientCertificate?: java_security_cert_Certificate, 
  queryParams: { _?: String }, 
  uriParams: { _?: String }, 
  requestPath: String, 
  headers: { _?: String }
|} {"typeAlias": "HttpRequestAttributes",
"typeId": "org.mule.extension.http.api.HttpRequestAttributes"}
type java_security_cert_Certificate = {|
  encoded?: Binary, 
  publicKey?: java_security_PublicKey, 
  "type"?: String
|} {"typeAlias": "Certificate",
"typeId": "java.security.cert.Certificate"}
type java_security_PublicKey = {|  |} {"typeAlias": "PublicKey",
"typeId": "java.security.PublicKey"}





]]></types:shape>
    </types:type>
  </types:catalog>
  <types:enrichment select="#ba07a187-8ae1-410f-8b2b-eb3bafb191d3">
    <types:processor-declaration>
      <types:input-event>
        <types:message>
          <types:payload type="auto_ba07a187-8ae1-410f-8b2b-eb3bafb191d3_Input-Payload"/>
          <types:attributes type="auto_ba07a187-8ae1-410f-8b2b-eb3bafb191d3_Input-Attributes"/>
        </types:message>
      </types:input-event>
      <types:output-event>
        <types:message>
          <types:payload type="auto_ba07a187-8ae1-410f-8b2b-eb3bafb191d3_Output-Payload"/>
          <types:attributes type="auto_ba07a187-8ae1-410f-8b2b-eb3bafb191d3_Output-Attributes"/>
        </types:message>
      </types:output-event>
    </types:processor-declaration>
  </types:enrichment>
</types:mule>